name,price,shoe_size,description,available,categories,item_picture
Ulmus Carbon Fiber Toe,$94.95 ,42,askdbasudasduvisdsad,ture,SKECHERS Work,item.jpg
Stride,$49.98 ,40,askdbasudasduvisdsad,ture,Shoes for Crews,item.jpg
Drivetrain Composite Safety Toe,$121.99 ,43,askdbasudasduvisdsad,ture,Timberland PRO,item.jpg
Onyx 3" Hot,$119.95 ,39,askdbasudasduvisdsad,ture,Danner,item.jpg
All Terrain Work,$94.99 ,43,askdbasudasduvisdsad,ture,Reebok Work,item.jpg
Amherst II CarbonMAX Work Shoe,$81.00 ,43,askdbasudasduvisdsad,ture,Wolverine,item.jpg
Trailgrip Work Alloy Toe EH,$104.99 ,39,askdbasudasduvisdsad,ture,Reebok Work,item.jpg
MID589v1,$104.95 ,40,askdbasudasduvisdsad,ture,New Balance,item.jpg
Streamline CompToe,$121.99 ,40,askdbasudasduvisdsad,ture,Caterpillar,item.jpg
N2121 Composite Toe EH Waterproof,$99.99 ,40,askdbasudasduvisdsad,ture,Nautilus Safety Footwear,item.jpg
Sublite Cushion Work - RB4143 Alloy Toe EH,$124.99 ,39,askdbasudasduvisdsad,ture,Reebok Work,item.jpg
Day One Safety Sublite Legend EH Comp Toe,$114.00 ,41,askdbasudasduvisdsad,ture,Reebok Work,item.jpg
Astroride Work,$79.99 ,39,askdbasudasduvisdsad,ture,Reebok Work,item.jpg
N2000,$99.99 ,41,askdbasudasduvisdsad,ture,Nautilus Safety Footwear,item.jpg
N2501,$89.99 ,41,askdbasudasduvisdsad,ture,Nautilus Safety Footwear,item.jpg
Run Time NMT Composite Toe EH,$119.95 ,40,askdbasudasduvisdsad,ture,Danner,item.jpg
N1310,$99.99 ,42,askdbasudasduvisdsad,ture,Nautilus Safety Footwear,item.jpg
Rugged At Athletic Comp,$140.00 ,42,askdbasudasduvisdsad,ture,Rocky,item.jpg
Zprint Work,$104.99 ,43,askdbasudasduvisdsad,ture,Reebok Work,item.jpg
Express,$84.00 ,43,askdbasudasduvisdsad,ture,Hoss,item.jpg
Baxter Knit,$54.95 ,40,askdbasudasduvisdsad,ture,Dr. Scholl's Work,item.jpg
LKT 1 Composite Toe Hiker,$109.99 ,41,askdbasudasduvisdsad,ture,Kodiak,item.jpg
Lites Athletic,$134.99 ,40,askdbasudasduvisdsad,ture,Terra,item.jpg
Urban Assault Low,$119.99 ,43,askdbasudasduvisdsad,ture,Altama,item.jpg
Monster SR Bulcks,$84.95 ,42,askdbasudasduvisdsad,ture,SKECHERS Work,item.jpg
Rev Durashocks Ultraspring Oxford CarbonMAX,$130.00 ,41,askdbasudasduvisdsad,ture,Wolverine,item.jpg
N1611,$84.99 ,41,askdbasudasduvisdsad,ture,Nautilus Safety Footwear,item.jpg
1SIX8 Mesh AC+ Pro,$99.95 ,42,askdbasudasduvisdsad,ture,Merrell Work,item.jpg
Force 3" Oxford Nano Composite Toe,$134.99 ,42,askdbasudasduvisdsad,ture,Carhartt,item.jpg
Sublite Cushion Work Comp Toe EH,$99.99 ,43,askdbasudasduvisdsad,ture,Reebok Work,item.jpg
Freestyle II,$39.98 ,42,askdbasudasduvisdsad,ture,Shoes for Crews,item.jpg
Azbar Comp Toe,$89.95 ,43,askdbasudasduvisdsad,ture,SKECHERS Work,item.jpg
Ramble Composite Toe,$84.99 ,41,askdbasudasduvisdsad,ture,Kodiak,item.jpg
Accelerator Blue Carbon Toe SD10 - 1344,$99.99 ,43,askdbasudasduvisdsad,ture,Nautilus Safety Footwear,item.jpg
Arch Fit SR - Xantic,$89.95 ,42,askdbasudasduvisdsad,ture,SKECHERS Work,item.jpg
Nisswa Oxford Aluminum Toe 83120,$114.95 ,43,askdbasudasduvisdsad,ture,Irish Setter,item.jpg
Rebound CT,$121.99 ,41,askdbasudasduvisdsad,ture,Terra,item.jpg
Monster,$59.95 ,41,askdbasudasduvisdsad,ture,Dr. Scholl's Work,item.jpg
Sublite Cushion Work Alloy Toe EH Slip On,$99.99 ,41,askdbasudasduvisdsad,ture,Reebok Work,item.jpg
Bomal Comp Toe,$79.95 ,41,askdbasudasduvisdsad,ture,SKECHERS Work,item.jpg
Print Work ULTK,$121.99 ,40,askdbasudasduvisdsad,ture,Reebok Work,item.jpg
Black Belt 3" ESD NMT,$159.95 ,41,askdbasudasduvisdsad,ture,Danner,item.jpg
Arch Fit SR - Tineid,$74.95 ,39,askdbasudasduvisdsad,ture,SKECHERS Work,item.jpg
Stratus Grey Composite Toe EH - 1901,$94.99 ,41,askdbasudasduvisdsad,ture,Nautilus Safety Footwear,item.jpg
Evolution II,$67.98 ,40,askdbasudasduvisdsad,ture,Shoes for Crews,item.jpg
Monolift Athletic CT,$109.99 ,40,askdbasudasduvisdsad,ture,Terra,item.jpg
Stratus Alloy Toe SD10 Athletic - 1911,$99.99 ,39,askdbasudasduvisdsad,ture,Nautilus Safety Footwear,item.jpg
Saloon II,$57.98 ,39,askdbasudasduvisdsad,ture,Shoes for Crews,item.jpg
Drivetrain SD35 Mid Composite Safety Toe SD,$114.95 ,42,askdbasudasduvisdsad,ture,Timberland PRO,item.jpg
Sublite Cushion Work Comp Toe ESD,$121.99 ,40,askdbasudasduvisdsad,ture,Reebok Work,item.jpg
N2426,$99.99 ,39,askdbasudasduvisdsad,ture,Nautilus Safety Footwear,item.jpg
Day One Safety - Comp Toe,$114.99 ,43,askdbasudasduvisdsad,ture,Carhartt,item.jpg
Skech-Air SR Chamness,$84.95 ,42,askdbasudasduvisdsad,ture,SKECHERS Work,item.jpg
Lightweight Low Waterproof Work Hiker Non-Safety,$107.81 ,43,askdbasudasduvisdsad,ture,Carhartt,item.jpg
Ketia,$114.99 ,42,askdbasudasduvisdsad,ture,Reebok Work,item.jpg
City Runner Knit,$104.98 ,41,askdbasudasduvisdsad,ture,MOZO,item.jpg
Shale Low CT ESD,$110.00 ,41,askdbasudasduvisdsad,ture,Bogs,item.jpg
Urban Assault Low,$119.99 ,39,askdbasudasduvisdsad,ture,Altama,item.jpg
ReFLX Comp Toe,$94.99 ,41,askdbasudasduvisdsad,ture,Georgia Boot,item.jpg
Lightweight Low Waterproof Work Hiker Carbon Nano Composite Toe,$134.99 ,39,askdbasudasduvisdsad,ture,Carhartt,item.jpg
Defender Low,$74.98 ,41,askdbasudasduvisdsad,ture,ACE Work Boots,item.jpg
Lites Athletic,$134.99 ,39,askdbasudasduvisdsad,ture,Terra,item.jpg
Powertrain Sport Alloy Safety Toe Internal Met Guard,$119.95 ,39,askdbasudasduvisdsad,ture,Timberland PRO,item.jpg
Reaxion Composite Safety Toe SD35,$124.95 ,43,askdbasudasduvisdsad,ture,Timberland PRO,item.jpg
Powertrain Sport Slip-On Alloy Safety Toe SD+,$107.95 ,43,askdbasudasduvisdsad,ture,Timberland PRO,item.jpg
Sublite Work Soft Toe,$106.00 ,43,askdbasudasduvisdsad,ture,Reebok Work,item.jpg
Max Cushioning ELITE SR – Indurite Alloy Toe,$99.95 ,43,askdbasudasduvisdsad,ture,SKECHERS Work,item.jpg
N1570,$109.99 ,42,askdbasudasduvisdsad,ture,Nautilus Safety Footwear,item.jpg
Heckler Nano,$124.99 ,41,askdbasudasduvisdsad,ture,Reebok Work,item.jpg
N1345 Carbon Nanofiber Safety Toe SD,$99.99 ,43,askdbasudasduvisdsad,ture,Nautilus Safety Footwear,item.jpg
Moab Onset Waterproof Composite Toe,$119.95 ,39,askdbasudasduvisdsad,ture,Merrell Work,item.jpg
Sparta Aluminum Toe,$109.95 ,42,askdbasudasduvisdsad,ture,Keen Utility,item.jpg
Atlanta II Cooler,$124.95 ,41,askdbasudasduvisdsad,ture,Keen Utility,item.jpg
Seeley Work,$82.95 ,42,askdbasudasduvisdsad,ture,Propet,item.jpg
2" Trailblade Comp EH WP Non Metallic,$125.00 ,41,askdbasudasduvisdsad,ture,Rocky,item.jpg
Adventure SD Steel Toe,$136.00 ,40,askdbasudasduvisdsad,ture,Florsheim Work,item.jpg
Shale Low CT ESD,$110.00 ,42,askdbasudasduvisdsad,ture,Bogs,item.jpg
Condor,$47.98 ,39,askdbasudasduvisdsad,ture,Shoes for Crews,item.jpg
Zephyr Alloy Toe SD10 Athletic - 1312,$99.99 ,41,askdbasudasduvisdsad,ture,Nautilus Safety Footwear,item.jpg
Powertrain Alloy Safety Toe ESD,$99.95 ,42,askdbasudasduvisdsad,ture,Timberland PRO,item.jpg
Sublite Cushion Tactical Mid-Cut Soft Toe EH,$99.99 ,40,askdbasudasduvisdsad,ture,Reebok Work,item.jpg
Atlanta Cool II (Steel Toe),$134.95 ,40,askdbasudasduvisdsad,ture,Keen Utility,item.jpg
Stratus Black Composite Toe EH - 1902,$94.99 ,42,askdbasudasduvisdsad,ture,Nautilus Safety Footwear,item.jpg
Fuse Motion Composite Toe SD,$99.95 ,42,askdbasudasduvisdsad,ture,PUMA Safety,item.jpg
Atlanta II Cooler+,$129.95 ,43,askdbasudasduvisdsad,ture,Keen Utility,item.jpg
N1002,$109.99 ,39,askdbasudasduvisdsad,ture,Nautilus Safety Footwear,item.jpg
Moab Vertex Vent Composite Toe,$129.95 ,40,askdbasudasduvisdsad,ture,Merrell Work,item.jpg
Crosstrex Oxford Waterproof Comp Toe,$95.00 ,39,askdbasudasduvisdsad,ture,Thorogood,item.jpg
Run Time NMT Composite Toe ESD,$129.95 ,43,askdbasudasduvisdsad,ture,Danner,item.jpg
Sprint Suede Alloy Toe,$114.95 ,39,askdbasudasduvisdsad,ture,Caterpillar,item.jpg
Urban Assault Low,$109.99 ,42,askdbasudasduvisdsad,ture,Altama,item.jpg
Defender Mid,$79.98 ,41,askdbasudasduvisdsad,ture,ACE Work Boots,item.jpg
Moab Rover Moc CT,$77.99 ,40,askdbasudasduvisdsad,ture,Merrell Work,item.jpg
N1900 Composite Toe,$94.99 ,43,askdbasudasduvisdsad,ture,Nautilus Safety Footwear,item.jpg
Elevate Composite Toe SD,$110.00 ,42,askdbasudasduvisdsad,ture,PUMA Safety,item.jpg
Windoc FST ST,$104.95 ,40,askdbasudasduvisdsad,ture,Merrell Work,item.jpg
Flint II (Soft Toe),$124.95 ,43,askdbasudasduvisdsad,ture,Keen Utility,item.jpg
N2102 Steel Toe,$69.99 ,40,askdbasudasduvisdsad,ture,Nautilus Safety Footwear,item.jpg
Crosstrex 6" Waterproof 400GR Insulation Non Safety,$75.99 ,39,askdbasudasduvisdsad,ture,Thorogood,item.jpg
Malad Comp Toe,$89.95 ,43,askdbasudasduvisdsad,ture,SKECHERS Work,item.jpg
Cater II,$56.98 ,39,askdbasudasduvisdsad,ture,Shoes for Crews,item.jpg
Rebound CT,$99.99 ,40,askdbasudasduvisdsad,ture,Terra,item.jpg
Cessnock Colleton,$64.95 ,41,askdbasudasduvisdsad,ture,SKECHERS Work,item.jpg
Drivetrain Composite Safety Toe EH,$114.95 ,41,askdbasudasduvisdsad,ture,Timberland PRO,item.jpg
Full Court Basketball,$90.00 ,39,askdbasudasduvisdsad,ture,Hoss,item.jpg
Telfin - Rieg Composite Toe,$99.95 ,43,askdbasudasduvisdsad,ture,SKECHERS Work,item.jpg
Vista Energy ESD,$124.95 ,42,askdbasudasduvisdsad,ture,Keen Utility,item.jpg
Fullbench Superlite Alloy Toe,$89.95 ,41,askdbasudasduvisdsad,ture,Merrell Work,item.jpg
LKT1 Composite Toe Hiker,$112.99 ,39,askdbasudasduvisdsad,ture,Kodiak,item.jpg
Rush 2.0 Composite Toe SD,$104.95 ,39,askdbasudasduvisdsad,ture,PUMA Safety,item.jpg
Sublite Work,$120.00 ,39,askdbasudasduvisdsad,ture,Reebok Work,item.jpg
Elite SR-Rytas,$79.95 ,43,askdbasudasduvisdsad,ture,SKECHERS Work,item.jpg
Crosstrex Mid Waterproof Non Safety,$95.00 ,43,askdbasudasduvisdsad,ture,Thorogood,item.jpg
Dirvetrain NT,$134.95 ,43,askdbasudasduvisdsad,ture,Timberland PRO,item.jpg
Rim Fly,$90.00 ,43,askdbasudasduvisdsad,ture,Hoss,item.jpg
Astroride Strike,$116.00 ,40,askdbasudasduvisdsad,ture,Reebok Work,item.jpg
Ramble Composite Toe SD+,$55.20 ,41,askdbasudasduvisdsad,ture,Kodiak,item.jpg
Woodward Steel Toe,$94.95 ,40,askdbasudasduvisdsad,ture,Caterpillar,item.jpg
Atlanta Cool II ESD (Soft Toe),$134.95 ,40,askdbasudasduvisdsad,ture,Keen Utility,item.jpg
Ridgework Composite Safety Toe Low,$135.00 ,40,askdbasudasduvisdsad,ture,Timberland PRO,item.jpg
Vista Energy,$119.95 ,43,askdbasudasduvisdsad,ture,Keen Utility,item.jpg
Monster Comp Toe,$89.95 ,43,askdbasudasduvisdsad,ture,SKECHERS Work,item.jpg
Nisswa Oxford Aluminum Toe 83118,$114.95 ,40,askdbasudasduvisdsad,ture,Irish Setter,item.jpg
Streamline ESD Composite Toe,$124.95 ,40,askdbasudasduvisdsad,ture,Caterpillar,item.jpg
Synergy Omat,$89.95 ,42,askdbasudasduvisdsad,ture,SKECHERS Work,item.jpg
Day One Safety - Soft Toe,$109.99 ,43,askdbasudasduvisdsad,ture,Carhartt,item.jpg
Bolt Alloy Toe,$114.95 ,39,askdbasudasduvisdsad,ture,Caterpillar,item.jpg
Flint II Waterproof (Steel Toe),$139.95 ,41,askdbasudasduvisdsad,ture,Keen Utility,item.jpg
589 ESD,$109.99 ,42,askdbasudasduvisdsad,ture,New Balance,item.jpg
Sparta ESD,$114.95 ,39,askdbasudasduvisdsad,ture,Keen Utility,item.jpg
Walker,$64.98 ,43,askdbasudasduvisdsad,ture,Shoes for Crews,item.jpg
Endurance II,$59.98 ,40,askdbasudasduvisdsad,ture,Shoes for Crews,item.jpg
Pacer 2.0 CT,$119.99 ,42,askdbasudasduvisdsad,ture,Terra,item.jpg
Day One Safety Drivetrain Low Composite Safety Toe,$115.00 ,40,askdbasudasduvisdsad,ture,Timberland PRO,item.jpg
Moab 2 Tactical,$109.95 ,41,askdbasudasduvisdsad,ture,Merrell Work,item.jpg
Sprint Textile Alloy Toe,$114.95 ,41,askdbasudasduvisdsad,ture,Caterpillar,item.jpg
Bridgetown - Textile AT,$89.98 ,43,askdbasudasduvisdsad,ture,Shoes for Crews,item.jpg
Entree II,$52.98 ,40,askdbasudasduvisdsad,ture,Shoes for Crews,item.jpg
Atlanta Cool II ESD (Steel Toe),$139.95 ,39,askdbasudasduvisdsad,ture,Keen Utility,item.jpg
Flint II (Steel Toe),$129.95 ,39,askdbasudasduvisdsad,ture,Keen Utility,item.jpg
Rush Mid,$65.99 ,41,askdbasudasduvisdsad,ture,Bates Footwear,item.jpg
Detroit XT Int. Met Steel Toe,$154.95 ,43,askdbasudasduvisdsad,ture,Keen Utility,item.jpg
Defender Mid NCT,$89.98 ,42,askdbasudasduvisdsad,ture,ACE Work Boots,item.jpg
Sparks,$90.00 ,39,askdbasudasduvisdsad,ture,Hoss,item.jpg
Sublite Cushion Tactical Soft Toe EH,$94.99 ,40,askdbasudasduvisdsad,ture,Reebok Work,item.jpg
TruFlex Fly Composite Toe,$104.99 ,41,askdbasudasduvisdsad,ture,Rockport Works,item.jpg
Trailgrip Work,$104.99 ,39,askdbasudasduvisdsad,ture,Reebok Work,item.jpg
N1502,$119.99 ,40,askdbasudasduvisdsad,ture,Nautilus Safety Footwear,item.jpg
N4611 Soft Toe SD10,$94.99 ,39,askdbasudasduvisdsad,ture,Nautilus Safety Footwear,item.jpg
Xelerate,$110.00 ,40,askdbasudasduvisdsad,ture,PUMA Safety,item.jpg
Sprint Mesh Moc Alloy Toe,$109.95 ,42,askdbasudasduvisdsad,ture,Caterpillar,item.jpg
Crosstrex Side Zip Mid Waterproof Comp Toe Polished,$120.00 ,39,askdbasudasduvisdsad,ture,Thorogood,item.jpg
Passage Composite Toe,$99.95 ,40,askdbasudasduvisdsad,ture,Caterpillar,item.jpg
Lytning 1.9 Comp Toe,$99.00 ,40,askdbasudasduvisdsad,ture,Carolina,item.jpg
Bolt Alloy Toe,$114.95 ,39,askdbasudasduvisdsad,ture,Caterpillar,item.jpg
Sparta Aluminum Toe EH,$109.95 ,42,askdbasudasduvisdsad,ture,Keen Utility,item.jpg
Rush Patrol,$99.95 ,43,askdbasudasduvisdsad,ture,Bates Footwear,item.jpg
Norris Sneaker,$99.99 ,40,askdbasudasduvisdsad,ture,5.11 Tactical,item.jpg
Fusion Flexweave™ Work Composite Toe,$124.99 ,39,askdbasudasduvisdsad,ture,Reebok Work,item.jpg
Flexagon 3.0 Work Comp Toe EH,$113.00 ,40,askdbasudasduvisdsad,ture,Reebok Work,item.jpg
ASR 6" Mid Cut Boot (Non-Safety),$90.00 ,43,askdbasudasduvisdsad,ture,Thorogood,item.jpg
Powertrain Sport Alloy Safety Toe EH,$103.95 ,42,askdbasudasduvisdsad,ture,Timberland PRO,item.jpg
Rush Low,$99.95 ,39,askdbasudasduvisdsad,ture,Bates Footwear,item.jpg
Flint II Sport Carbon Fiber Toe,$139.95 ,43,askdbasudasduvisdsad,ture,Keen Utility,item.jpg
